filename,Rsep,R1,Q,α,SOS,SOS2
RM_stacked second run D12_1_C03.mpt,132.20872505914872,461.50759923125855,0.002299112744042821,0.9527403274113256,3495.8026655657654,0.08288161447338674
RM_stacked second run D12_2_C04.mpt,130.92727612644808,488.63510494904295,0.002302060334192542,0.9558657271474023,3301.545583040694,0.07727899029084695
RM_stacked second run D3_1_C07.mpt,155.56678689015794,1162.3865093224113,0.010569767888385402,0.969030363078824,13352.523455512335,0.0028491265018567554
RM_stacked second run D3_2_C08.mpt,152.35410431317345,1114.7757997919596,0.010597552804553767,0.9655942527170632,14261.187238810213,0.023649320391342397
RM_stacked second run S12_1_C05.mpt,139.3512781244305,199.43674224812628,0.0011079336427670242,0.9429136314317753,2541.0143582927412,0.05667925417971584
RM_stacked second run S12_2_C06.mpt,129.3993865654905,199.92532120361852,0.0011174532224815124,0.9393775983865342,2300.690359632208,0.057030032291491714
RM_stacked second run S3_1_C03.mpt,160.57227448727988,498.42296470338096,0.004889493076006177,0.9585140582097057,361.05277107978293,0.003996990734877304
RM_stacked second run S3_2_C04.mpt,145.90281498646812,510.36097333900193,0.004940397008829551,0.9616483950040701,361.34305028358006,0.0027176372360813703
