filename,Rsep,R1,Q,α
RM_stacked second run D12_1_C03.mpt,132.2884575,461.695981,0.002291839,0.953038943
RM_stacked second run D12_2_C04.mpt,131.0200639,489.2976059,0.002295342,0.95636304
RM_stacked second run D3_1_C07.mpt,155.5667869,1162.386509,0.010569768,0.969030363
RM_stacked second run D3_2_C08.mpt,152.3541043,1114.7758,0.010597553,0.965594253
RM_stacked second run S12_1_C05.mpt,140.9897552,163.9101393,0.001076264,0.93605061
RM_stacked second run S12_2_C06.mpt,131.2323422,157.8133662,0.001083061,0.930057234
RM_stacked second run S3_1_C03.mpt,160.5757381,498.5545278,0.004888143,0.958544969
RM_stacked second run S3_2_C04.mpt,145.9073033,510.6233045,0.004939478,0.961726072
