filename,Rsep,R1,Q,α
RM_stacked second run D12_1_C03.mpt,136.46782097994898,456.7173753811191,0.002352921428890757,0.9687968132863252
RM_stacked second run D12_2_C04.mpt,135.182403332427,484.9241794241583,0.0023561484585566954,0.971869686466492
RM_stacked second run D3_1_C07.mpt,155.56295945171033,1153.8855103571284,0.010557006007084693,0.9673048907493322
RM_stacked second run D3_2_C08.mpt,150.8093964232994,1051.2557494144005,0.010061116935826947,0.9457501296402722
RM_stacked second run S12_1_C05.mpt,141.51871338683867,182.30905206134838,0.0010995323154916715,0.9433123633849476
RM_stacked second run S12_2_C06.mpt,131.5584358707764,182.1818538074678,0.0011099316548068342,0.9390424181962506
RM_stacked second run S3_1_C03.mpt,161.0194955000572,490.6439279769687,0.0048746722519152005,0.9572513240373343
RM_stacked second run S3_2_C04.mpt,146.59958708015904,504.6011659955468,0.004944445467758437,0.9623843463155478
