filename,Rsep,R1,R1R2,R1Q1,R2Q2,delta,α
RM_stacked second run DS_12+3_1_C07.mpt,159.7126404852753,1150.0416178033258,1915954.1440995077,12.438705522168407,3.1320062518943304,0.49999795133863195,0.9699190505575711
RM_stacked second run DS_12+3_2_C08.mpt,173.5848299599966,1333.3073780887703,1949786.584096589,15.482715993891267,2.117007715332467,0.5000009886276743,0.9718695698829228
RM_stacked second run DS_3+12_1_C05.mpt,147.35187563678525,1861.5646415828453,1160448.4045170257,17.201687194542256,3.5539487917562824,0.16702166795575993,0.9657406253319697
RM_stacked second run DS_3+12_2_C06.mpt,148.46259193772795,2158.2075540140927,1833884.3397809046,29.72557955958885,0.00013224515298733598,0.47051958760296536,0.9721179060043028
