filename,Rsep,R1,R1R2,R1Q1,R2Q2,delta,α
RM_stacked second run DS_12+3_1_C07.mpt,159.69087809641005,787.628026139274,570056.4894294926,5.841722864395058,3.808811180975644,0.49999474129942484,0.9695103597919205
RM_stacked second run DS_12+3_2_C08.mpt,164.89055876119306,32.49976705924613,29271.943857408747,0.0005921986929505101,7.0459297763929625,0.16700000764794043,0.9713858521516442
