filename,Rsep,R1,R1R2,R1Q1,R2Q2,delta,α,,R2,Q1,Q2,,k (in SI),eps,A,d,,tau 1,tau 2,tau 1,tau 2,delta,,delta_actual,,Names
RM_stacked second run DS_12+3_1_C07.mpt,159.7182699,1128.229418,1596975.257,11.9745928,2.347853272,0.499997971,0.969889075,,1415.470321,0.010613615,0.001658709,,0.0353,0.50333,9.42E-05,0.000342,,5.521,6.927,5.519718821,6.92500838,0.499997971,,0.812121212,,RM_stacked second run DS_12+3_1_C07.mpt
RM_stacked second run DS_12+3_2_C08.mpt,173.577296,1298.088689,1373288.133,14.67493423,2.276171629,0.500000764,0.971835921,,1057.930898,0.011305032,0.002151531,,0.0353,0.490702,9.42E-05,0.000343,,6.175,5.033,6.173349982,5.031226098,0.500000764,,0.812121212,,RM_stacked second run DS_12+3_2_C08.mpt
RM_stacked second run DS_3+12_1_C05.mpt,147.3482396,1721.247778,1078551.692,14.71259457,9.962218412,0.182202835,0.96563304,,626.6103613,0.008547633,0.015898586,,0.0353,0.489452888,9.42E-05,0.000329,,8.515,3.100,8.512384158,3.09888453,0.182202835,,0.152046784,,RM_stacked second run DS_3+12_1_C05.mpt
RM_stacked second run DS_3+12_2_C06.mpt,136.1533051,1399.534318,997025.6654,9.711805015,8.833919844,0.182561577,0.970089617,,712.3981548,0.006939312,0.012400256,,0.0353,0.493532934,9.42E-05,0.000334,,6.877,3.500,6.874578088,3.499333088,0.182561577,,0.152046784,,RM_stacked second run DS_3+12_2_C06.mpt
,,,,,,,,,,,,,,,,,,Formula,,,,,,,,
