filename,Rsep,R1,R1R2,R1Q1,R2Q2,delta,α
RM_stacked second run DS_12+3_1_C07.mpt,159.72334408191583,1100.0439200102282,1307866.2275523855,11.387008516379296,2.5759161005192985,0.5000066072588104,0.9698541177673041
RM_stacked second run DS_12+3_2_C08.mpt,173.57718786948038,1297.6358680268654,1367630.3312828818,14.664684686641515,2.2807804850148314,0.4999888522203733,0.9718355074097974
RM_stacked second run DS_3+12_1_C05.mpt,147.34823970691923,833.8550966986455,684891.1111353141,3.4528972941448375,6.326108693815818,0.37610401181673886,0.9656330390783927
RM_stacked second run DS_3+12_2_C06.mpt,136.1533046926469,1233.1515790253754,905789.3332259259,7.539903202304945,8.025540697177608,0.20719364443298008,0.9700896176249277
