filename,Rsep,R1,R1R2,R1Q1,R2Q2,delta,α
RM_stacked second run DS_12+3_1_C07.mpt,10.967596595358806,413.06020731855705,9003952.484454457,6.8072700543699165,9.443435985593095e-05,0.5999992451504051,0.9999999999
RM_stacked second run DS_12+3_2_C08.mpt,33.39311932917565,303.7469418935326,3084655.33279157,4.978221619552512,0.016622333449344506,0.5999635547013222,0.9999999999
RM_stacked second run DS_3+12_1_C05.mpt,106.73126309734377,59.555030737658356,26914285.389318347,0.9842569006606865,4.2723265197669154e-07,0.5999999859881984,0.9999999999
RM_stacked second run DS_3+12_2_C06.mpt,98.30228934402149,15.60489692628147,167314.4456861458,0.26194158211967883,3.011256987962974e-05,0.5999999976137471,0.9999999999
